order_id,amount,created_at
ORD_0001,385243,2026-08-06T11:36:00
ORD_0002,63112,2026-08-13T22:24:00
ORD_0003,178393,2026-08-11T13:48:00
ORD_0004,123158,2026-08-06T01:57:00
ORD_0005,404785,2026-08-26T05:41:00
ORD_0006,95580,2026-08-28T06:58:00
ORD_0007,271208,2026-08-02T20:42:00
ORD_0008,65622,2026-08-05T16:20:00
ORD_0009,164629,2026-08-12T00:07:00
ORD_0010,314951,2026-08-28T19:33:00
ORD_0011,63912,2026-08-26T23:01:00
ORD_0012,154248,2026-08-30T23:50:00
ORD_0013,417696,2026-08-26T05:13:00
ORD_0014,269949,2026-08-11T10:46:00
ORD_0015,285514,2026-08-28T05:38:00
ORD_0016,195852,2026-08-01T17:05:00
ORD_0017,447833,2026-08-08T16:23:00
ORD_0018,416026,2026-08-20T15:36:00
ORD_0019,228389,2026-08-14T01:30:00
ORD_0020,131516,2026-08-11T05:10:00
ORD_0021,450290,2026-08-16T17:39:00
ORD_0022,103587,2026-08-05T15:18:00
ORD_0023,249191,2026-08-05T19:38:00
ORD_0024,238208,2026-08-17T01:41:00
ORD_0025,366526,2026-08-13T10:55:00
ORD_0026,473167,2026-08-03T09:27:00
ORD_0027,432589,2026-08-22T07:48:00
ORD_0028,331137,2026-08-07T02:20:00
ORD_0029,248461,2026-08-05T00:04:00
ORD_0030,339428,2026-08-14T18:13:00
ORD_0031,484846,2026-08-30T00:38:00
ORD_0032,374282,2026-08-17T21:00:00
ORD_0033,352698,2026-08-10T04:01:00
ORD_0034,419398,2026-08-04T13:58:00
ORD_0035,74025,2026-08-11T18:55:00
ORD_0036,455310,2026-08-14T14:05:00
ORD_0037,91833,2026-08-12T00:16:00
ORD_0038,102953,2026-08-18T17:11:00
ORD_0039,195738,2026-08-22T01:14:00
ORD_0040,383281,2026-08-18T00:29:00
ORD_0041,135277,2026-08-18T06:20:00
ORD_0042,236264,2026-08-10T22:50:00
ORD_0043,401364,2026-08-13T13:36:00
ORD_0044,417955,2026-08-30T21:49:00
ORD_0045,87435,2026-08-29T03:20:00
ORD_0046,382911,2026-08-09T04:55:00
ORD_0047,330043,2026-08-12T13:23:00
ORD_0048,135669,2026-08-22T10:54:00
ORD_0049,248943,2026-08-13T16:51:00
ORD_0050,385544,2026-08-26T18:20:00
